"","Sensitivity (PA)","Specificity","PosPredValue (UA)","NegPredValue"
"Cerrado",0.9825,0.994169096209913,0.975186104218362,0.995911214953271
"Fallow_Cotton",0.911764705882353,0.997597308986064,0.861111111111109,0.998556998556999
"Forest",0.992753623188406,0.997976732422863,0.971631205673758,0.999493414387031
"Pasture",0.956756756756757,0.992550143266476,0.964577656675749,0.990846681922197
"Soy_Corn",0.826633165829146,0.951077460687245,0.796610169491525,0.959459459459459
"Soy_Cotton",0.879699248120301,0.985431235431235,0.933510638297872,0.972397929844738
"Soy_Fallow",1,0.999506660088801,0.98876404494382,1
"Soy_Millet",0.787234042553192,0.972340425531915,0.780590717299578,0.973375931842385
"Soy_Sunflower",0.754716981132076,0.993695441319108,0.754716981132077,0.993695441319108
