"","Sensitivity (PA)","Specificity","PosPredValue (UA)","NegPredValue"
"Cerrado",0.8775,0.985410719949255,0.884130982367758,0.98447401774398
"Fallow_Cotton",0.613333333333333,0.99252443933295,0.638888888888889,0.991669060614766
"Forest",0.91304347826087,0.995607613469985,0.893617021276596,0.996483001172333
"Pasture",0.913612565445026,0.943913585375987,0.885786802030457,0.958245466048081
"Soy_Corn",0.66,0.937519822391373,0.572668112798265,0.95601552393273
"Soy_Cotton",0.8125,0.970821439898509,0.779376498800959,0.976084183673469
"Soy_Coverage",0.705298013245033,0.939931998488855,0.800751879699248,0.903085299455535
"Soy_Fallow",0.886363636363636,0.997979797979798,0.917647058823529,0.997116493656286
