"","Sensitivity (PA)","Specificity","PosPredValue (UA)","NegPredValue"
"Cerrado",0.8775,0.985410719949255,0.884130982367758,0.98447401774398
"Croplands",0.948635634028893,0.96437054631829,0.967266775777414,0.944186046511628
"Forest",0.91304347826087,0.995607613469985,0.893617021276596,0.996483001172333
"Pasture",0.913612565445026,0.943913585375987,0.885786802030457,0.958245466048081
